efSearch,search_time,accuracy
10,0.0006730556488037109,1.0
10,0.0007834434509277344,1.0
10,0.0012485980987548828,1.0
10,0.0011472702026367188,0.8
10,0.0005207061767578125,1.0
10,0.0008580684661865234,0.0
10,0.0006966590881347656,0.4
10,0.0007190704345703125,0.0
10,0.0007224082946777344,1.0
10,0.0006318092346191406,0.2
10,0.0006887912750244141,0.8
10,0.0006124973297119141,0.0
10,0.0005886554718017578,0.0
10,0.00067138671875,1.0
10,0.0009462833404541016,0.0
10,0.000732421875,0.0
10,0.0006861686706542969,1.0
10,0.0005884170532226562,1.0
10,0.0005562305450439453,0.6
10,0.0006170272827148438,0.8
10,0.0007069110870361328,1.0
10,0.0006062984466552734,1.0
10,0.0006005764007568359,0.6
10,0.0009930133819580078,0.8
10,0.0006940364837646484,0.2
10,0.0006151199340820312,1.0
10,0.0004916191101074219,0.2
10,0.0006685256958007812,1.0
10,0.0008070468902587891,1.0
10,0.0009393692016601562,1.0
10,0.0006814002990722656,1.0
10,0.0006372928619384766,1.0
10,0.0005176067352294922,1.0
10,0.00047898292541503906,0.4
10,0.0007185935974121094,0.8
10,0.0007274150848388672,1.0
10,0.0006155967712402344,1.0
10,0.0008511543273925781,1.0
10,0.0005967617034912109,1.0
10,0.000614166259765625,1.0
10,0.00054931640625,0.8
10,0.0006220340728759766,0.8
10,0.0006916522979736328,1.0
10,0.00072479248046875,0.2
10,0.0006031990051269531,1.0
10,0.0010821819305419922,0.0
10,0.0006802082061767578,1.0
10,0.0006673336029052734,1.0
10,0.0006597042083740234,1.0
10,0.0005528926849365234,0.8
10,0.0005385875701904297,1.0
10,0.0005564689636230469,1.0
10,0.0005638599395751953,1.0
10,0.0005855560302734375,0.6
10,0.0005638599395751953,1.0
10,0.000682830810546875,1.0
10,0.0006763935089111328,1.0
10,0.0007059574127197266,1.0
10,0.0008530616760253906,0.8
10,0.0006680488586425781,1.0
10,0.0006430149078369141,1.0
10,0.0005984306335449219,1.0
10,0.0006756782531738281,1.0
10,0.0006926059722900391,0.6
10,0.0005142688751220703,1.0
10,0.0006189346313476562,1.0
10,0.0006327629089355469,0.2
10,0.0004985332489013672,0.0
10,0.0008983612060546875,0.6
10,0.0009832382202148438,1.0
10,0.0006139278411865234,1.0
10,0.0006885528564453125,1.0
10,0.0005564689636230469,1.0
10,0.000659942626953125,0.6
10,0.0006139278411865234,1.0
10,0.0007200241088867188,1.0
10,0.0005505084991455078,1.0
10,0.0005643367767333984,0.8
10,0.000621795654296875,1.0
10,0.0005936622619628906,1.0
10,0.0006549358367919922,1.0
10,0.0006775856018066406,1.0
10,0.0007913112640380859,0.8
10,0.0006277561187744141,0.0
10,0.00047898292541503906,1.0
10,0.0006582736968994141,0.0
10,0.0005331039428710938,1.0
10,0.0006256103515625,1.0
10,0.000827789306640625,0.8
10,0.0007169246673583984,0.0
10,0.0006101131439208984,0.0
10,0.0007307529449462891,0.0
10,0.0005419254302978516,1.0
10,0.000484466552734375,0.8
10,0.0006818771362304688,1.0
10,0.0004966259002685547,1.0
10,0.0006601810455322266,0.8
10,0.0005772113800048828,1.0
10,0.0005390644073486328,1.0
10,0.0005486011505126953,1.0
10,0.0006480216979980469,1.0
10,0.0006597042083740234,1.0
10,0.0006356239318847656,1.0
10,0.0007460117340087891,1.0
10,0.0005817413330078125,1.0
10,0.0005702972412109375,1.0
10,0.0006651878356933594,0.0
10,0.0007064342498779297,1.0
10,0.0005283355712890625,1.0
10,0.0006747245788574219,1.0
10,0.0006353855133056641,0.0
10,0.0010597705841064453,0.0
10,0.0007772445678710938,1.0
10,0.0007274150848388672,0.0
10,0.0006988048553466797,0.4
10,0.0008487701416015625,1.0
10,0.0006015300750732422,1.0
10,0.0009024143218994141,1.0
10,0.0010929107666015625,0.4
10,0.0005841255187988281,1.0
10,0.0008831024169921875,0.6
10,0.0006706714630126953,0.6
10,0.00048351287841796875,1.0
10,0.0005893707275390625,0.0
10,0.000583648681640625,0.0
10,0.0008175373077392578,1.0
10,0.0006415843963623047,1.0
10,0.0006811618804931641,0.8
10,0.0005505084991455078,1.0
10,0.001047372817993164,0.0
10,0.0007674694061279297,0.0
10,0.0005474090576171875,1.0
10,0.000720977783203125,1.0
10,0.0005750656127929688,1.0
10,0.0005950927734375,0.2
10,0.0006999969482421875,0.0
10,0.0004582405090332031,1.0
10,0.0007393360137939453,1.0
10,0.0007584095001220703,0.8
10,0.00061798095703125,1.0
10,0.0006630420684814453,1.0
10,0.0006761550903320312,1.0
10,0.0005564689636230469,1.0
10,0.00046181678771972656,0.8
10,0.0005738735198974609,1.0
10,0.0009369850158691406,1.0
10,0.0006535053253173828,1.0
10,0.0005955696105957031,0.0
10,0.0005218982696533203,1.0
10,0.0006721019744873047,0.4
10,0.0006129741668701172,1.0
10,0.0005640983581542969,1.0
10,0.0006403923034667969,1.0
10,0.0006520748138427734,1.0
10,0.0005083084106445312,1.0
10,0.000621795654296875,1.0
10,0.0006213188171386719,1.0
10,0.0007083415985107422,0.8
10,0.0006353855133056641,0.0
10,0.0007746219635009766,1.0
10,0.0007674694061279297,0.8
10,0.0005972385406494141,0.6
10,0.0007023811340332031,1.0
10,0.0010199546813964844,0.8
10,0.0010116100311279297,1.0
10,0.00069427490234375,1.0
10,0.0005834102630615234,1.0
10,0.0010216236114501953,0.8
10,0.0005016326904296875,1.0
10,0.0007233619689941406,1.0
10,0.0005440711975097656,1.0
10,0.0005717277526855469,1.0
10,0.0009462833404541016,0.2
10,0.0006461143493652344,0.8
10,0.0006000995635986328,0.8
10,0.000713348388671875,0.2
10,0.0005617141723632812,0.8
10,0.0006225109100341797,1.0
10,0.000667572021484375,1.0
10,0.000774383544921875,1.0
10,0.0005593299865722656,1.0
10,0.0005807876586914062,1.0
10,0.0005786418914794922,1.0
10,0.0007758140563964844,0.4
10,0.0007522106170654297,0.6
10,0.0006389617919921875,0.2
10,0.0005438327789306641,0.0
10,0.0006561279296875,0.8
10,0.0007965564727783203,1.0
10,0.0007038116455078125,0.0
10,0.0009388923645019531,1.0
10,0.001032114028930664,1.0
10,0.0006198883056640625,0.0
10,0.0009627342224121094,0.8
10,0.0005693435668945312,1.0
10,0.00063323974609375,1.0
10,0.0005924701690673828,1.0
10,0.0007135868072509766,1.0
10,0.0007224082946777344,0.6
10,0.00046706199645996094,1.0
10,0.0007631778717041016,0.0
10,0.0006380081176757812,1.0
10,0.0008535385131835938,1.0
10,0.0005941390991210938,0.0
10,0.0004799365997314453,1.0
10,0.0006856918334960938,0.4
10,0.0006048679351806641,1.0
10,0.0006303787231445312,0.0
10,0.0005881786346435547,1.0
10,0.0005829334259033203,1.0
10,0.0006761550903320312,1.0
10,0.0006396770477294922,1.0
10,0.0005214214324951172,1.0
10,0.0008447170257568359,1.0
10,0.0007734298706054688,0.6
10,0.0005259513854980469,1.0
10,0.0005781650543212891,1.0
10,0.0006265640258789062,0.4
10,0.0006196498870849609,0.0
10,0.0008866786956787109,0.8
10,0.0005762577056884766,1.0
10,0.0005617141723632812,1.0
10,0.0009355545043945312,0.8
10,0.000637054443359375,0.6
10,0.0006673336029052734,1.0
10,0.0005831718444824219,1.0
10,0.0006802082061767578,1.0
10,0.0006082057952880859,0.4
10,0.0005395412445068359,1.0
10,0.000530242919921875,1.0
10,0.0006346702575683594,1.0
10,0.0007126331329345703,1.0
10,0.0006442070007324219,1.0
10,0.0007805824279785156,0.0
10,0.0005805492401123047,1.0
10,0.0006611347198486328,0.8
10,0.0005631446838378906,1.0
10,0.000560760498046875,1.0
10,0.0006225109100341797,1.0
10,0.0007486343383789062,1.0
10,0.0006272792816162109,0.8
10,0.0005326271057128906,0.8
10,0.0006680488586425781,1.0
10,0.0009291172027587891,1.0
10,0.0005962848663330078,1.0
10,0.0005629062652587891,0.8
10,0.0006244182586669922,0.0
10,0.0006194114685058594,0.6
10,0.0007245540618896484,0.8
10,0.0005204677581787109,1.0
10,0.00046634674072265625,1.0
10,0.0006885528564453125,1.0
10,0.0005512237548828125,1.0
10,0.0006406307220458984,0.6
10,0.0006086826324462891,1.0
10,0.0005924701690673828,0.8
10,0.0009570121765136719,1.0
10,0.000698089599609375,0.6
10,0.0007503032684326172,1.0
10,0.0005557537078857422,0.4
10,0.0006103515625,1.0
10,0.0007731914520263672,1.0
10,0.0005178451538085938,0.8
10,0.0007126331329345703,1.0
10,0.0006837844848632812,0.0
10,0.0004980564117431641,1.0
10,0.0009598731994628906,1.0
10,0.0005309581756591797,1.0
10,0.0005626678466796875,1.0
10,0.0006754398345947266,1.0
10,0.0006051063537597656,1.0
10,0.0007190704345703125,0.6
10,0.0007276535034179688,1.0
10,0.0006411075592041016,1.0
10,0.0005702972412109375,1.0
10,0.0005660057067871094,1.0
10,0.0005562305450439453,1.0
10,0.0005834102630615234,1.0
10,0.000820159912109375,1.0
10,0.0009479522705078125,0.0
10,0.0005371570587158203,0.0
10,0.0010571479797363281,0.8
10,0.00051116943359375,1.0
10,0.0006098747253417969,1.0
10,0.000743865966796875,0.6
10,0.0008575916290283203,0.8
10,0.0006594657897949219,0.8
10,0.000492095947265625,0.0
10,0.0007376670837402344,0.8
10,0.0005495548248291016,0.8
10,0.0005252361297607422,1.0
10,0.0005986690521240234,1.0
10,0.0007338523864746094,0.8
10,0.000579833984375,0.8
10,0.0006546974182128906,1.0
10,0.0006382465362548828,0.0
10,0.0005295276641845703,1.0
10,0.0005819797515869141,1.0
10,0.0008165836334228516,1.0
10,0.0007739067077636719,0.0
10,0.0009362697601318359,1.0
10,0.0005099773406982422,1.0
10,0.0005919933319091797,0.0
10,0.0006804466247558594,1.0
10,0.0006229877471923828,1.0
10,0.0006244182586669922,1.0
10,0.0005738735198974609,0.6
10,0.0006346702575683594,0.6
10,0.0011627674102783203,1.0
10,0.0005004405975341797,0.0
10,0.0006995201110839844,0.8
10,0.0006189346313476562,1.0
10,0.0008215904235839844,1.0
10,0.0007970333099365234,1.0
10,0.000591278076171875,1.0
10,0.0006039142608642578,1.0
10,0.0006670951843261719,1.0
10,0.0006759166717529297,0.8
10,0.0006897449493408203,1.0
10,0.0007076263427734375,0.0
10,0.0006248950958251953,1.0
10,0.00047969818115234375,0.8
10,0.0006625652313232422,1.0
10,0.0007047653198242188,1.0
10,0.0006058216094970703,1.0
10,0.0006058216094970703,0.8
10,0.0006055831909179688,1.0
10,0.0006148815155029297,1.0
10,0.0006268024444580078,1.0
10,0.0006816387176513672,1.0
10,0.000640869140625,0.0
10,0.0007162094116210938,0.2
10,0.0005822181701660156,0.0
10,0.0006918907165527344,0.8
10,0.0008707046508789062,1.0
10,0.0011742115020751953,0.8
10,0.0006163120269775391,1.0
10,0.0005717277526855469,1.0
10,0.0005810260772705078,0.0
10,0.0006172657012939453,1.0
10,0.0006189346313476562,0.6
10,0.0005083084106445312,0.2
10,0.0005903244018554688,1.0
10,0.0005755424499511719,1.0
10,0.0006885528564453125,1.0
10,0.0005877017974853516,0.0
10,0.0005385875701904297,0.8
10,0.0005786418914794922,1.0
10,0.0006163120269775391,1.0
10,0.0005602836608886719,1.0
10,0.0006177425384521484,0.0
10,0.0005590915679931641,0.0
10,0.0006830692291259766,0.4
10,0.0007612705230712891,1.0
10,0.0006976127624511719,0.8
10,0.0006670951843261719,1.0
10,0.0007021427154541016,0.0
10,0.0005381107330322266,1.0
10,0.0005712509155273438,0.6
10,0.0008902549743652344,1.0
10,0.0005841255187988281,1.0
10,0.0010895729064941406,1.0
10,0.0005891323089599609,1.0
10,0.0005340576171875,0.8
10,0.0008270740509033203,0.6
10,0.0006151199340820312,0.0
10,0.00079345703125,1.0
10,0.0005698204040527344,1.0
10,0.0005323886871337891,0.6
10,0.0009658336639404297,1.0
10,0.0009219646453857422,0.6
10,0.0006411075592041016,1.0
10,0.0006744861602783203,1.0
10,0.0006673336029052734,0.6
10,0.00077056884765625,1.0
10,0.0006544589996337891,1.0
10,0.0006034374237060547,1.0
10,0.0008933544158935547,0.8
10,0.0006601810455322266,0.2
10,0.0008120536804199219,0.8
10,0.0005614757537841797,1.0
10,0.0006735324859619141,1.0
10,0.0005466938018798828,1.0
10,0.0006799697875976562,0.0
10,0.0010943412780761719,1.0
10,0.0006742477416992188,0.8
10,0.0006074905395507812,1.0
10,0.0005567073822021484,1.0
10,0.0005605220794677734,1.0
10,0.0008263587951660156,0.8
10,0.0006196498870849609,1.0
10,0.0006978511810302734,0.8
10,0.0005905628204345703,1.0
10,0.0005741119384765625,1.0
10,0.0006518363952636719,1.0
10,0.0007145404815673828,1.0
10,0.0007793903350830078,0.8
10,0.0012538433074951172,0.2
10,0.0007238388061523438,0.6
10,0.0005588531494140625,1.0
10,0.0008492469787597656,1.0
10,0.0006422996520996094,1.0
10,0.0005829334259033203,0.6
10,0.0006184577941894531,0.2
10,0.0006284713745117188,0.8
10,0.0006020069122314453,1.0
10,0.0006206035614013672,0.0
10,0.0006132125854492188,1.0
10,0.0005693435668945312,0.8
10,0.0005819797515869141,1.0
10,0.0008196830749511719,1.0
10,0.0005810260772705078,1.0
10,0.000560760498046875,0.8
10,0.000644683837890625,0.0
10,0.0006515979766845703,1.0
10,0.0005412101745605469,0.0
10,0.0006623268127441406,0.2
10,0.0005486011505126953,0.8
10,0.0007197856903076172,1.0
10,0.0005755424499511719,1.0
10,0.00066375732421875,1.0
10,0.0007047653198242188,1.0
10,0.0006353855133056641,1.0
10,0.0005354881286621094,0.8
10,0.0006172657012939453,1.0
10,0.0004999637603759766,1.0
10,0.0006868839263916016,1.0
10,0.0006177425384521484,0.2
10,0.0006818771362304688,1.0
10,0.0005519390106201172,1.0
10,0.0008752346038818359,1.0
10,0.0009639263153076172,0.8
10,0.0007314682006835938,1.0
10,0.0009143352508544922,0.0
10,0.0005905628204345703,1.0
10,0.0004737377166748047,1.0
10,0.0008878707885742188,1.0
10,0.0006473064422607422,1.0
10,0.0006349086761474609,1.0
10,0.0013873577117919922,1.0
10,0.0005526542663574219,0.0
10,0.0012001991271972656,0.0
10,0.00054931640625,1.0
10,0.0006411075592041016,1.0
10,0.0010242462158203125,1.0
10,0.0006654262542724609,1.0
10,0.0007226467132568359,0.6
10,0.0007088184356689453,1.0
10,0.0008342266082763672,1.0
10,0.0009012222290039062,1.0
10,0.0005304813385009766,0.2
10,0.00064849853515625,1.0
10,0.0006680488586425781,1.0
10,0.0006916522979736328,1.0
10,0.0010552406311035156,0.0
10,0.0005872249603271484,1.0
10,0.0005125999450683594,1.0
10,0.0007727146148681641,1.0
10,0.0005764961242675781,0.4
10,0.0005757808685302734,1.0
10,0.0006153583526611328,0.6
10,0.0008502006530761719,1.0
10,0.0005326271057128906,1.0
10,0.0005946159362792969,1.0
10,0.0006439685821533203,1.0
10,0.0006775856018066406,0.6
10,0.0008919239044189453,0.0
10,0.0006337165832519531,0.8
10,0.0008897781372070312,1.0
10,0.0005631446838378906,0.8
10,0.0007171630859375,1.0
10,0.0006499290466308594,0.8
10,0.0006253719329833984,0.8
10,0.0005941390991210938,0.8
10,0.000514984130859375,1.0
10,0.0006823539733886719,0.0
10,0.0008296966552734375,1.0
10,0.00063323974609375,1.0
10,0.0005872249603271484,1.0
10,0.0008559226989746094,0.2
10,0.0005381107330322266,1.0
10,0.0005095005035400391,1.0
10,0.000606536865234375,0.8
10,0.0005307197570800781,1.0
10,0.00054931640625,0.8
10,0.0005619525909423828,1.0
10,0.0006916522979736328,1.0
10,0.0009610652923583984,0.8
10,0.0008323192596435547,0.0
10,0.00054168701171875,1.0
10,0.0006318092346191406,1.0
10,0.0007460117340087891,1.0
10,0.0006091594696044922,1.0
10,0.0005576610565185547,1.0
10,0.0006701946258544922,0.8
10,0.0006132125854492188,1.0
10,0.0006587505340576172,1.0
10,0.0007278919219970703,1.0
10,0.0005273818969726562,1.0
10,0.0006175041198730469,1.0
20,0.0009136199951171875,1.0
20,0.0008358955383300781,1.0
20,0.000659942626953125,1.0
20,0.0008721351623535156,0.8
20,0.0006728172302246094,1.0
20,0.0017142295837402344,1.0
20,0.0007984638214111328,1.0
20,0.0007798671722412109,0.0
20,0.000904083251953125,1.0
20,0.0011894702911376953,0.4
20,0.0008704662322998047,0.8
20,0.0007882118225097656,0.0
20,0.0010194778442382812,1.0
20,0.0007770061492919922,1.0
20,0.0010819435119628906,0.0
20,0.0013051033020019531,0.8
20,0.0009219646453857422,1.0
20,0.0007898807525634766,1.0
20,0.0009589195251464844,1.0
20,0.0008561611175537109,1.0
20,0.0008783340454101562,1.0
20,0.0007543563842773438,1.0
20,0.000823974609375,1.0
20,0.0011715888977050781,1.0
20,0.0011909008026123047,0.6
20,0.0007181167602539062,1.0
20,0.0007495880126953125,0.2
20,0.0008537769317626953,1.0
20,0.0009095668792724609,1.0
20,0.0010983943939208984,1.0
20,0.001094818115234375,1.0
20,0.0007970333099365234,1.0
20,0.000675201416015625,1.0
20,0.0007004737854003906,0.4
20,0.0008187294006347656,1.0
20,0.0008134841918945312,1.0
20,0.0007889270782470703,1.0
20,0.0008797645568847656,1.0
20,0.0008630752563476562,1.0
20,0.0008804798126220703,1.0
20,0.0006387233734130859,1.0
20,0.000823974609375,1.0
20,0.0008845329284667969,1.0
20,0.0007824897766113281,0.2
20,0.0006587505340576172,1.0
20,0.0012390613555908203,0.0
20,0.0008060932159423828,1.0
20,0.0008358955383300781,1.0
20,0.0008902549743652344,1.0
20,0.0007328987121582031,0.8
20,0.0007112026214599609,1.0
20,0.0007171630859375,1.0
20,0.0007913112640380859,1.0
20,0.0008587837219238281,0.8
20,0.0007328987121582031,1.0
20,0.0009181499481201172,1.0
20,0.0007877349853515625,1.0
20,0.0008840560913085938,1.0
20,0.0011012554168701172,1.0
20,0.0008504390716552734,1.0
20,0.0007724761962890625,1.0
20,0.0007851123809814453,1.0
20,0.0009148120880126953,1.0
20,0.0008575916290283203,0.6
20,0.0006406307220458984,1.0
20,0.0007789134979248047,1.0
20,0.0008058547973632812,0.8
20,0.0006844997406005859,0.0
20,0.0011601448059082031,0.6
20,0.0011818408966064453,1.0
20,0.0008177757263183594,1.0
20,0.0008692741394042969,1.0
20,0.0008208751678466797,1.0
20,0.0008378028869628906,1.0
20,0.0007843971252441406,1.0
20,0.0008594989776611328,1.0
20,0.0007183551788330078,1.0
20,0.0006618499755859375,0.8
20,0.0007646083831787109,1.0
20,0.0007665157318115234,1.0
20,0.0007693767547607422,1.0
20,0.0008976459503173828,1.0
20,0.0011093616485595703,0.8
20,0.0011897087097167969,1.0
20,0.0007414817810058594,1.0
20,0.0012149810791015625,1.0
20,0.0007271766662597656,1.0
20,0.0007386207580566406,1.0
20,0.0009763240814208984,0.8
20,0.0009884834289550781,0.0
20,0.0015797615051269531,1.0
20,0.0009129047393798828,0.0
20,0.0006906986236572266,1.0
20,0.0006546974182128906,0.8
20,0.0008499622344970703,1.0
20,0.0006387233734130859,1.0
20,0.0009431838989257812,1.0
20,0.000682830810546875,1.0
20,0.0007741451263427734,1.0
20,0.0007557868957519531,1.0
20,0.0008985996246337891,1.0
20,0.0008406639099121094,1.0
20,0.0008411407470703125,1.0
20,0.0009698867797851562,1.0
20,0.0007493495941162109,1.0
20,0.000743865966796875,1.0
20,0.0012083053588867188,1.0
20,0.0009219646453857422,1.0
20,0.0007779598236083984,1.0
20,0.0007493495941162109,1.0
20,0.0012006759643554688,0.4
20,0.0019643306732177734,0.8
20,0.0007801055908203125,1.0
20,0.0009119510650634766,1.0
20,0.0009570121765136719,1.0
20,0.0009112358093261719,1.0
20,0.0006902217864990234,1.0
20,0.0008962154388427734,1.0
20,0.0011186599731445312,0.8
20,0.0008003711700439453,1.0
20,0.000982522964477539,1.0
20,0.0008871555328369141,1.0
20,0.0006623268127441406,1.0
20,0.0014619827270507812,0.6
20,0.0019969940185546875,1.0
20,0.0009429454803466797,1.0
20,0.0008413791656494141,1.0
20,0.0009093284606933594,1.0
20,0.0007147789001464844,1.0
20,0.0012502670288085938,0.0
20,0.0008714199066162109,0.0
20,0.0007085800170898438,1.0
20,0.0008749961853027344,1.0
20,0.0007519721984863281,1.0
20,0.0007741451263427734,0.2
20,0.0011386871337890625,0.0
20,0.0006229877471923828,1.0
20,0.0008451938629150391,1.0
20,0.0009710788726806641,0.8
20,0.0008454322814941406,1.0
20,0.0008730888366699219,1.0
20,0.0009253025054931641,1.0
20,0.0009481906890869141,1.0
20,0.000652313232421875,1.0
20,0.0007486343383789062,1.0
20,0.0011985301971435547,1.0
20,0.00084686279296875,1.0
20,0.0015032291412353516,0.8
20,0.0007221698760986328,1.0
20,0.0009057521820068359,0.6
20,0.0008001327514648438,1.0
20,0.0007157325744628906,1.0
20,0.0008418560028076172,1.0
20,0.0008914470672607422,1.0
20,0.0006418228149414062,1.0
20,0.0007691383361816406,1.0
20,0.0008227825164794922,1.0
20,0.0007586479187011719,1.0
20,0.0009572505950927734,0.0
20,0.0008776187896728516,1.0
20,0.0010068416595458984,1.0
20,0.0007801055908203125,1.0
20,0.0009052753448486328,1.0
20,0.0012927055358886719,1.0
20,0.0011742115020751953,1.0
20,0.0009064674377441406,1.0
20,0.0007467269897460938,1.0
20,0.0012662410736083984,0.8
20,0.0006721019744873047,1.0
20,0.0009570121765136719,1.0
20,0.0006251335144042969,1.0
20,0.0007200241088867188,1.0
20,0.0013065338134765625,0.8
20,0.0009014606475830078,1.0
20,0.0007424354553222656,0.8
20,0.0009276866912841797,1.0
20,0.000850677490234375,1.0
20,0.0007960796356201172,1.0
20,0.0007855892181396484,1.0
20,0.0008833408355712891,1.0
20,0.0010235309600830078,1.0
20,0.0007479190826416016,1.0
20,0.0007627010345458984,1.0
20,0.0009121894836425781,0.4
20,0.0010018348693847656,1.0
20,0.0009906291961669922,0.6
20,0.0007252693176269531,0.0
20,0.0008528232574462891,1.0
20,0.0009915828704833984,1.0
20,0.0009558200836181641,0.0
20,0.0010929107666015625,1.0
20,0.0008847713470458984,1.0
20,0.0008568763732910156,0.0
20,0.0011587142944335938,0.8
20,0.0007693767547607422,1.0
20,0.0008397102355957031,1.0
20,0.0007369518280029297,1.0
20,0.0010151863098144531,1.0
20,0.0009951591491699219,0.8
20,0.0005946159362792969,1.0
20,0.0011019706726074219,0.0
20,0.0008387565612792969,1.0
20,0.0008327960968017578,1.0
20,0.0007717609405517578,0.0
20,0.0006856918334960938,1.0
20,0.0009553432464599609,0.4
20,0.0007305145263671875,1.0
20,0.0010609626770019531,1.0
20,0.0008299350738525391,1.0
20,0.0007600784301757812,1.0
20,0.0008335113525390625,1.0
20,0.0008223056793212891,1.0
20,0.0007436275482177734,1.0
20,0.0009410381317138672,1.0
20,0.0010547637939453125,1.0
20,0.0010139942169189453,1.0
20,0.0008220672607421875,1.0
20,0.0009667873382568359,1.0
20,0.0009131431579589844,0.0
20,0.0010499954223632812,1.0
20,0.0006995201110839844,1.0
20,0.0007598400115966797,1.0
20,0.001210927963256836,1.0
20,0.0011229515075683594,0.8
20,0.0008072853088378906,1.0
20,0.0007641315460205078,1.0
20,0.0008568763732910156,1.0
20,0.0007915496826171875,0.6
20,0.000762939453125,1.0
20,0.0006747245788574219,1.0
20,0.0007760524749755859,1.0
20,0.0008862018585205078,1.0
20,0.0008361339569091797,1.0
20,0.0011649131774902344,0.0
20,0.0007152557373046875,1.0
20,0.0008437633514404297,0.8
20,0.0006535053253173828,1.0
20,0.0006690025329589844,1.0
20,0.0007374286651611328,1.0
20,0.0009126663208007812,1.0
20,0.0008203983306884766,0.8
20,0.00070953369140625,1.0
20,0.0008504390716552734,1.0
20,0.0006709098815917969,1.0
20,0.0007586479187011719,1.0
20,0.0006928443908691406,1.0
20,0.0015337467193603516,1.0
20,0.0008912086486816406,1.0
20,0.0009293556213378906,1.0
20,0.0006248950958251953,1.0
20,0.0006642341613769531,1.0
20,0.001352548599243164,1.0
20,0.0017321109771728516,1.0
20,0.0008530616760253906,0.8
20,0.0008714199066162109,1.0
20,0.0008604526519775391,1.0
20,0.0011172294616699219,1.0
20,0.0009555816650390625,0.6
20,0.0006954669952392578,1.0
20,0.0006802082061767578,0.4
20,0.0007483959197998047,1.0
20,0.0007257461547851562,1.0
20,0.0007474422454833984,0.8
20,0.0008821487426757812,1.0
20,0.0008497238159179688,0.0
20,0.0006573200225830078,1.0
20,0.0011410713195800781,1.0
20,0.0007240772247314453,1.0
20,0.0007891654968261719,1.0
20,0.0008509159088134766,1.0
20,0.0007474422454833984,1.0
20,0.0008957386016845703,0.6
20,0.0008399486541748047,1.0
20,0.0008211135864257812,1.0
20,0.0007307529449462891,1.0
20,0.0007593631744384766,1.0
20,0.0008168220520019531,1.0
20,0.0008203983306884766,1.0
20,0.0009753704071044922,1.0
20,0.0010936260223388672,0.0
20,0.0008883476257324219,0.0
20,0.0010941028594970703,1.0
20,0.0011866092681884766,1.0
20,0.0008332729339599609,1.0
20,0.0009455680847167969,0.8
20,0.0009856224060058594,0.8
20,0.0016627311706542969,0.8
20,0.0006461143493652344,0.0
20,0.0009698867797851562,1.0
20,0.0007040500640869141,0.8
20,0.0006127357482910156,1.0
20,0.0007596015930175781,1.0
20,0.0009286403656005859,1.0
20,0.0007410049438476562,0.8
20,0.0008835792541503906,1.0
20,0.0007729530334472656,0.0
20,0.0007176399230957031,1.0
20,0.0007445812225341797,1.0
20,0.0012335777282714844,1.0
20,0.0012784004211425781,0.0
20,0.000980377197265625,1.0
20,0.0008141994476318359,1.0
20,0.0008752346038818359,0.0
20,0.0007750988006591797,1.0
20,0.0008213520050048828,1.0
20,0.0007700920104980469,1.0
20,0.0008168220520019531,0.8
20,0.0007467269897460938,1.0
20,0.0013127326965332031,1.0
20,0.0013875961303710938,1.0
20,0.0009331703186035156,0.8
20,0.0008032321929931641,1.0
20,0.0009951591491699219,1.0
20,0.0010318756103515625,1.0
20,0.000789642333984375,1.0
20,0.0007383823394775391,1.0
20,0.0007774829864501953,1.0
20,0.0009098052978515625,1.0
20,0.0009133815765380859,1.0
20,0.0008604526519775391,0.0
20,0.0007171630859375,1.0
20,0.0007028579711914062,1.0
20,0.0007958412170410156,1.0
20,0.0008127689361572266,1.0
20,0.0007357597351074219,1.0
20,0.0008351802825927734,1.0
20,0.0007338523864746094,1.0
20,0.0007293224334716797,1.0
20,0.0008318424224853516,1.0
20,0.0007731914520263672,1.0
20,0.0008199214935302734,0.0
20,0.0009791851043701172,0.6
20,0.0009014606475830078,0.2
20,0.0008971691131591797,0.8
20,0.0010075569152832031,1.0
20,0.0009496212005615234,0.8
20,0.0007970333099365234,1.0
20,0.0008060932159423828,1.0
20,0.001438140869140625,1.0
20,0.0007488727569580078,1.0
20,0.0009021759033203125,0.6
20,0.0006313323974609375,0.2
20,0.0007636547088623047,1.0
20,0.0007426738739013672,1.0
20,0.0009281635284423828,1.0
20,0.0008344650268554688,0.0
20,0.0007958412170410156,1.0
20,0.0007414817810058594,1.0
20,0.0008015632629394531,1.0
20,0.0007505416870117188,1.0
20,0.001055002212524414,0.0
20,0.0008282661437988281,0.0
20,0.0009150505065917969,0.8
20,0.0007266998291015625,1.0
20,0.0008821487426757812,0.8
20,0.0008614063262939453,1.0
20,0.0008637905120849609,0.0
20,0.0006880760192871094,1.0
20,0.0007903575897216797,1.0
20,0.0011858940124511719,1.0
20,0.0007758140563964844,1.0
20,0.0016698837280273438,1.0
20,0.0007240772247314453,1.0
20,0.0007524490356445312,0.8
20,0.001046895980834961,0.6
20,0.0014286041259765625,0.8
20,0.0008604526519775391,1.0
20,0.0007817745208740234,1.0
20,0.0006971359252929688,1.0
20,0.0011355876922607422,1.0
20,0.0011017322540283203,0.8
20,0.0008714199066162109,1.0
20,0.0007672309875488281,1.0
20,0.0009489059448242188,1.0
20,0.0009870529174804688,1.0
20,0.0007779598236083984,1.0
20,0.0007588863372802734,1.0
20,0.001085042953491211,1.0
20,0.0010404586791992188,1.0
20,0.0008642673492431641,0.8
20,0.0006747245788574219,1.0
20,0.0008335113525390625,1.0
20,0.0007014274597167969,1.0
20,0.0014111995697021484,1.0
20,0.001203298568725586,1.0
20,0.0009772777557373047,0.8
20,0.0008237361907958984,1.0
20,0.0007741451263427734,1.0
20,0.0006809234619140625,1.0
20,0.0010859966278076172,1.0
20,0.0007996559143066406,1.0
20,0.0009093284606933594,1.0
20,0.0007922649383544922,1.0
20,0.0008628368377685547,1.0
20,0.0007777214050292969,1.0
20,0.0009014606475830078,1.0
20,0.000985860824584961,1.0
20,0.0016465187072753906,0.4
20,0.0010578632354736328,1.0
20,0.0007205009460449219,1.0
20,0.0009565353393554688,1.0
20,0.0008671283721923828,1.0
20,0.0008349418640136719,1.0
20,0.0010230541229248047,1.0
20,0.0007648468017578125,1.0
20,0.000881195068359375,1.0
20,0.0007722377777099609,0.0
20,0.0007753372192382812,1.0
20,0.0010030269622802734,1.0
20,0.0007238388061523438,1.0
20,0.0009491443634033203,1.0
20,0.0007283687591552734,1.0
20,0.0006971359252929688,1.0
20,0.0008852481842041016,0.0
20,0.0009295940399169922,1.0
20,0.0008804798126220703,0.0
20,0.0008111000061035156,0.2
20,0.0011963844299316406,1.0
20,0.0009419918060302734,1.0
20,0.0008745193481445312,1.0
20,0.0008251667022705078,1.0
20,0.0009469985961914062,1.0
20,0.0008578300476074219,1.0
20,0.0007815361022949219,1.0
20,0.0008471012115478516,1.0
20,0.0008471012115478516,1.0
20,0.0009262561798095703,1.0
20,0.0009622573852539062,0.2
20,0.0009160041809082031,1.0
20,0.0008232593536376953,1.0
20,0.001161336898803711,1.0
20,0.0011582374572753906,1.0
20,0.0009806156158447266,1.0
20,0.001524209976196289,0.6
20,0.0008106231689453125,1.0
20,0.0006897449493408203,1.0
20,0.0010020732879638672,1.0
20,0.0008895397186279297,1.0
20,0.0008780956268310547,1.0
20,0.0017495155334472656,1.0
20,0.0008838176727294922,0.0
20,0.0016677379608154297,0.4
20,0.0007321834564208984,1.0
20,0.0008459091186523438,1.0
20,0.0011413097381591797,1.0
20,0.000789642333984375,1.0
20,0.0010483264923095703,1.0
20,0.0007600784301757812,1.0
20,0.0008945465087890625,1.0
20,0.000993490219116211,1.0
20,0.000621795654296875,0.2
20,0.000865936279296875,1.0
20,0.0008053779602050781,1.0
20,0.0008432865142822266,1.0
20,0.0012433528900146484,0.0
20,0.0007185935974121094,1.0
20,0.0007669925689697266,1.0
20,0.0009219646453857422,1.0
20,0.0007872581481933594,0.4
20,0.0008304119110107422,1.0
20,0.000835418701171875,0.6
20,0.0010709762573242188,1.0
20,0.0007152557373046875,1.0
20,0.0007796287536621094,1.0
20,0.0007221698760986328,1.0
20,0.0010254383087158203,1.0
20,0.000982522964477539,0.0
20,0.0007727146148681641,1.0
20,0.0010235309600830078,1.0
20,0.0008432865142822266,0.8
20,0.0009605884552001953,1.0
20,0.0009605884552001953,1.0
20,0.0017549991607666016,0.8
20,0.0008149147033691406,1.0
20,0.000820159912109375,1.0
20,0.0008382797241210938,0.0
20,0.0009596347808837891,1.0
20,0.0007884502410888672,1.0
20,0.0007700920104980469,1.0
20,0.0012302398681640625,1.0
20,0.0007278919219970703,1.0
20,0.0007238388061523438,1.0
20,0.0008294582366943359,1.0
20,0.0006961822509765625,1.0
20,0.0008258819580078125,0.8
20,0.0007457733154296875,1.0
20,0.0008957386016845703,1.0
20,0.0011570453643798828,1.0
20,0.001817464828491211,1.0
20,0.0007343292236328125,1.0
20,0.0008323192596435547,1.0
20,0.0009012222290039062,1.0
20,0.0007886886596679688,1.0
20,0.0006794929504394531,1.0
20,0.00078582763671875,1.0
20,0.0008623600006103516,1.0
20,0.0008325576782226562,1.0
20,0.0009529590606689453,1.0
20,0.0008556842803955078,1.0
20,0.0008034706115722656,1.0
50,0.001169443130493164,1.0
50,0.0014128684997558594,1.0
50,0.0011055469512939453,1.0
50,0.0014219284057617188,0.8
50,0.0011260509490966797,1.0
50,0.0021555423736572266,1.0
50,0.0012736320495605469,1.0
50,0.0015227794647216797,1.0
50,0.0011546611785888672,1.0
50,0.0018916130065917969,0.8
50,0.0015134811401367188,1.0
50,0.0017156600952148438,1.0
50,0.0013937950134277344,1.0
50,0.0012409687042236328,1.0
50,0.002667665481567383,1.0
50,0.0016620159149169922,1.0
50,0.0012748241424560547,1.0
50,0.0012104511260986328,1.0
50,0.0013813972473144531,1.0
50,0.0011861324310302734,1.0
50,0.0013515949249267578,1.0
50,0.001085042953491211,1.0
50,0.0012373924255371094,1.0
50,0.001523733139038086,1.0
50,0.0016815662384033203,0.6
50,0.0014050006866455078,1.0
50,0.0026197433471679688,1.0
50,0.0014150142669677734,1.0
50,0.0014998912811279297,1.0
50,0.0016925334930419922,1.0
50,0.0016193389892578125,1.0
50,0.0010602474212646484,1.0
50,0.0014150142669677734,1.0
50,0.0013339519500732422,0.6
50,0.001676797866821289,1.0
50,0.0012881755828857422,1.0
50,0.0012464523315429688,1.0
50,0.0014941692352294922,1.0
50,0.0016908645629882812,1.0
50,0.001302957534790039,1.0
50,0.0010366439819335938,1.0
50,0.0013723373413085938,1.0
50,0.0017323493957519531,1.0
50,0.0014584064483642578,0.2
50,0.0010755062103271484,1.0
50,0.0026328563690185547,1.0
50,0.001462697982788086,1.0
50,0.0013308525085449219,1.0
50,0.0018529891967773438,1.0
50,0.0012509822845458984,1.0
50,0.00118255615234375,1.0
50,0.0013394355773925781,1.0
50,0.001277923583984375,1.0
50,0.0015981197357177734,1.0
50,0.0012733936309814453,1.0
50,0.001603841781616211,1.0
50,0.0013494491577148438,1.0
50,0.0013539791107177734,1.0
50,0.0018415451049804688,1.0
50,0.001329660415649414,1.0
50,0.00121307373046875,1.0
50,0.0013637542724609375,1.0
50,0.0015616416931152344,1.0
50,0.0015082359313964844,0.6
50,0.0010895729064941406,1.0
50,0.0014634132385253906,1.0
50,0.0012156963348388672,0.8
50,0.001458883285522461,0.0
50,0.0016818046569824219,0.8
50,0.0016722679138183594,1.0
50,0.0012745857238769531,1.0
50,0.0012617111206054688,1.0
50,0.001390218734741211,1.0
50,0.0012927055358886719,1.0
50,0.0011458396911621094,1.0
50,0.0013775825500488281,1.0
50,0.0010657310485839844,1.0
50,0.001192331314086914,1.0
50,0.0015103816986083984,1.0
50,0.0013720989227294922,1.0
50,0.0012764930725097656,1.0
50,0.001399993896484375,1.0
50,0.0017948150634765625,0.8
50,0.0015621185302734375,1.0
50,0.00115203857421875,1.0
50,0.0015234947204589844,1.0
50,0.0012099742889404297,1.0
50,0.001108407974243164,1.0
50,0.0018162727355957031,0.8
50,0.0017466545104980469,0.0
50,0.0021216869354248047,1.0
50,0.0020487308502197266,1.0
50,0.0010530948638916016,1.0
50,0.001203298568725586,1.0
50,0.0014362335205078125,1.0
50,0.0011637210845947266,1.0
50,0.001481771469116211,1.0
50,0.0011889934539794922,1.0
50,0.0012750625610351562,1.0
50,0.0015156269073486328,1.0
50,0.0011675357818603516,1.0
50,0.0013535022735595703,1.0
50,0.0012974739074707031,1.0
50,0.0014393329620361328,1.0
50,0.001184225082397461,1.0
50,0.0010471343994140625,1.0
50,0.0015816688537597656,1.0
50,0.001384735107421875,1.0
50,0.001211404800415039,1.0
50,0.0012974739074707031,1.0
50,0.0016803741455078125,0.4
50,0.002402782440185547,1.0
50,0.001363515853881836,1.0
50,0.0013229846954345703,1.0
50,0.001354217529296875,1.0
50,0.0016009807586669922,1.0
50,0.001007080078125,1.0
50,0.0012128353118896484,1.0
50,0.001558542251586914,1.0
50,0.0014111995697021484,1.0
50,0.0015819072723388672,1.0
50,0.0012998580932617188,1.0
50,0.0013260841369628906,1.0
50,0.002489328384399414,0.8
50,0.002499818801879883,1.0
50,0.0014562606811523438,1.0
50,0.0013816356658935547,1.0
50,0.0014655590057373047,1.0
50,0.0013527870178222656,1.0
50,0.0021495819091796875,1.0
50,0.0022106170654296875,1.0
50,0.0011222362518310547,1.0
50,0.0014240741729736328,1.0
50,0.0012471675872802734,1.0
50,0.0014529228210449219,0.2
50,0.00147247314453125,0.0
50,0.001088857650756836,1.0
50,0.0012636184692382812,1.0
50,0.001806497573852539,0.8
50,0.0014088153839111328,1.0
50,0.0011174678802490234,1.0
50,0.0013837814331054688,1.0
50,0.0015408992767333984,1.0
50,0.0010254383087158203,1.0
50,0.0012426376342773438,1.0
50,0.0016808509826660156,1.0
50,0.0011839866638183594,1.0
50,0.0020160675048828125,1.0
50,0.0010693073272705078,1.0
50,0.0013461112976074219,1.0
50,0.0012178421020507812,1.0
50,0.0012557506561279297,1.0
50,0.001270294189453125,1.0
50,0.0014925003051757812,1.0
50,0.000978708267211914,1.0
50,0.0010840892791748047,1.0
50,0.001130819320678711,1.0
50,0.0015001296997070312,1.0
50,0.0015912055969238281,0.0
50,0.0017650127410888672,1.0
50,0.001409292221069336,1.0
50,0.0012884140014648438,1.0
50,0.0013604164123535156,1.0
50,0.0017535686492919922,1.0
50,0.0016608238220214844,1.0
50,0.001470327377319336,1.0
50,0.0011305809020996094,1.0
50,0.0016536712646484375,0.8
50,0.0012359619140625,1.0
50,0.0016283988952636719,1.0
50,0.0010552406311035156,1.0
50,0.0010440349578857422,1.0
50,0.0016791820526123047,0.8
50,0.0012440681457519531,1.0
50,0.001241922378540039,0.8
50,0.0013844966888427734,1.0
50,0.0013265609741210938,1.0
50,0.0013275146484375,1.0
50,0.0012977123260498047,1.0
50,0.0012629032135009766,1.0
50,0.0011577606201171875,1.0
50,0.0012731552124023438,1.0
50,0.0013885498046875,1.0
50,0.0018467903137207031,0.6
50,0.0016758441925048828,1.0
50,0.0017352104187011719,0.6
50,0.0013401508331298828,0.0
50,0.0012941360473632812,1.0
50,0.0016379356384277344,1.0
50,0.00177764892578125,1.0
50,0.0016429424285888672,1.0
50,0.0012805461883544922,1.0
50,0.0017285346984863281,1.0
50,0.0016779899597167969,0.8
50,0.0012576580047607422,1.0
50,0.001398324966430664,1.0
50,0.0011627674102783203,1.0
50,0.0017027854919433594,1.0
50,0.0014123916625976562,1.0
50,0.0010921955108642578,1.0
50,0.0021173954010009766,1.0
50,0.0013053417205810547,1.0
50,0.0011682510375976562,1.0
50,0.002110719680786133,1.0
50,0.0011026859283447266,1.0
50,0.0016977787017822266,1.0
50,0.0011136531829833984,1.0
50,0.0014197826385498047,1.0
50,0.0013396739959716797,1.0
50,0.0010712146759033203,1.0
50,0.0012247562408447266,1.0
50,0.0011854171752929688,1.0
50,0.0011928081512451172,1.0
50,0.00206756591796875,1.0
50,0.0016498565673828125,1.0
50,0.001481771469116211,1.0
50,0.0014164447784423828,1.0
50,0.0013632774353027344,1.0
50,0.002369403839111328,1.0
50,0.0014319419860839844,1.0
50,0.0010840892791748047,1.0
50,0.0011293888092041016,1.0
50,0.0019474029541015625,1.0
50,0.0014553070068359375,0.8
50,0.0013148784637451172,1.0
50,0.0011637210845947266,1.0
50,0.0013735294342041016,1.0
50,0.0016622543334960938,0.6
50,0.0012767314910888672,1.0
50,0.0018067359924316406,1.0
50,0.0015997886657714844,1.0
50,0.001360177993774414,1.0
50,0.0013017654418945312,1.0
50,0.0015749931335449219,0.0
50,0.0011074542999267578,1.0
50,0.0013761520385742188,1.0
50,0.0012290477752685547,1.0
50,0.0010635852813720703,1.0
50,0.001191854476928711,1.0
50,0.0013203620910644531,1.0
50,0.0013685226440429688,0.8
50,0.0011370182037353516,1.0
50,0.0013110637664794922,1.0
50,0.0010395050048828125,1.0
50,0.00118255615234375,1.0
50,0.0011014938354492188,1.0
50,0.001973867416381836,1.0
50,0.001285552978515625,1.0
50,0.002149343490600586,1.0
50,0.0011408329010009766,1.0
50,0.0015654563903808594,1.0
50,0.0013530254364013672,1.0
50,0.0012013912200927734,1.0
50,0.0010762214660644531,1.0
50,0.0014162063598632812,1.0
50,0.0012745857238769531,1.0
50,0.001483917236328125,1.0
50,0.0016109943389892578,0.6
50,0.001196146011352539,1.0
50,0.0010895729064941406,0.4
50,0.00118255615234375,1.0
50,0.0010654926300048828,1.0
50,0.0012388229370117188,1.0
50,0.0013227462768554688,1.0
50,0.0014107227325439453,0.0
50,0.0012402534484863281,1.0
50,0.0016357898712158203,1.0
50,0.0011229515075683594,1.0
50,0.0015349388122558594,1.0
50,0.0013492107391357422,1.0
50,0.001148223876953125,1.0
50,0.0015370845794677734,1.0
50,0.0013480186462402344,1.0
50,0.0013840198516845703,1.0
50,0.0010781288146972656,1.0
50,0.0012814998626708984,1.0
50,0.0013689994812011719,1.0
50,0.001424551010131836,1.0
50,0.0014262199401855469,1.0
50,0.002327442169189453,1.0
50,0.0024826526641845703,1.0
50,0.0015711784362792969,1.0
50,0.0011904239654541016,1.0
50,0.0013439655303955078,1.0
50,0.0014758110046386719,1.0
50,0.0013866424560546875,1.0
50,0.001806497573852539,1.0
50,0.0021195411682128906,1.0
50,0.0014777183532714844,1.0
50,0.0010786056518554688,0.8
50,0.0009016990661621094,1.0
50,0.0012578964233398438,1.0
50,0.001447439193725586,1.0
50,0.001209259033203125,1.0
50,0.0014224052429199219,1.0
50,0.0017676353454589844,1.0
50,0.0011949539184570312,1.0
50,0.0011298656463623047,1.0
50,0.0020301342010498047,1.0
50,0.002519845962524414,0.8
50,0.00124359130859375,1.0
50,0.0011935234069824219,1.0
50,0.0019006729125976562,0.0
50,0.0011584758758544922,1.0
50,0.0011887550354003906,1.0
50,0.0011188983917236328,1.0
50,0.0016732215881347656,1.0
50,0.0012488365173339844,1.0
50,0.0017600059509277344,1.0
50,0.0018362998962402344,1.0
50,0.0017838478088378906,1.0
50,0.0013141632080078125,1.0
50,0.001373291015625,1.0
50,0.0013599395751953125,1.0
50,0.001489400863647461,1.0
50,0.0011997222900390625,1.0
50,0.0012722015380859375,1.0
50,0.0014274120330810547,1.0
50,0.0014989376068115234,1.0
50,0.0015304088592529297,1.0
50,0.0013265609741210938,1.0
50,0.0012042522430419922,1.0
50,0.0013744831085205078,1.0
50,0.0013327598571777344,1.0
50,0.001280069351196289,1.0
50,0.0012276172637939453,1.0
50,0.0011034011840820312,1.0
50,0.001209259033203125,1.0
50,0.0012552738189697266,1.0
50,0.0012009143829345703,1.0
50,0.0015361309051513672,0.0
50,0.0013730525970458984,0.6
50,0.0017025470733642578,0.4
50,0.0014295578002929688,1.0
50,0.0013196468353271484,1.0
50,0.001413583755493164,1.0
50,0.0013740062713623047,1.0
50,0.0012600421905517578,1.0
50,0.0017697811126708984,1.0
50,0.0011301040649414062,1.0
50,0.002084016799926758,0.6
50,0.0012054443359375,0.2
50,0.0014925003051757812,1.0
50,0.0012226104736328125,1.0
50,0.0014812946319580078,1.0
50,0.002004384994506836,1.0
50,0.0013659000396728516,1.0
50,0.0013818740844726562,1.0
50,0.0012962818145751953,1.0
50,0.0011219978332519531,1.0
50,0.002315521240234375,1.0
50,0.0011637210845947266,0.0
50,0.0017552375793457031,1.0
50,0.0011048316955566406,1.0
50,0.0013055801391601562,1.0
50,0.0013766288757324219,1.0
50,0.002532958984375,1.0
50,0.0012590885162353516,1.0
50,0.0011889934539794922,1.0
50,0.0017819404602050781,1.0
50,0.0012369155883789062,1.0
50,0.0016181468963623047,1.0
50,0.0009856224060058594,1.0
50,0.0014121532440185547,0.8
50,0.001528024673461914,1.0
50,0.001954793930053711,0.8
50,0.001425027847290039,1.0
50,0.0011365413665771484,1.0
50,0.0010676383972167969,1.0
50,0.0015559196472167969,1.0
50,0.0014851093292236328,1.0
50,0.0014498233795166016,1.0
50,0.0015294551849365234,1.0
50,0.0014622211456298828,1.0
50,0.0015485286712646484,1.0
50,0.0011794567108154297,1.0
50,0.0013377666473388672,1.0
50,0.0015993118286132812,1.0
50,0.0013446807861328125,1.0
50,0.0011987686157226562,1.0
50,0.0010235309600830078,1.0
50,0.0013124942779541016,1.0
50,0.0011796951293945312,1.0
50,0.0017707347869873047,1.0
50,0.0016622543334960938,1.0
50,0.0018436908721923828,1.0
50,0.0011327266693115234,1.0
50,0.0012013912200927734,1.0
50,0.0010256767272949219,1.0
50,0.0016193389892578125,1.0
50,0.0011444091796875,1.0
50,0.0013089179992675781,1.0
50,0.00128173828125,1.0
50,0.0011966228485107422,1.0
50,0.0010809898376464844,1.0
50,0.0013723373413085938,1.0
50,0.0013356208801269531,1.0
50,0.002329587936401367,0.8
50,0.0015914440155029297,1.0
50,0.0012431144714355469,1.0
50,0.0014641284942626953,1.0
50,0.0015804767608642578,1.0
50,0.0011799335479736328,1.0
50,0.0015926361083984375,1.0
50,0.0011572837829589844,1.0
50,0.0012676715850830078,1.0
50,0.0017781257629394531,1.0
50,0.0012829303741455078,1.0
50,0.0011785030364990234,1.0
50,0.0011746883392333984,1.0
50,0.0016331672668457031,1.0
50,0.0011000633239746094,1.0
50,0.0011188983917236328,1.0
50,0.0015134811401367188,0.8
50,0.0014438629150390625,1.0
50,0.0015082359313964844,0.0
50,0.0012314319610595703,0.2
50,0.0012462139129638672,1.0
50,0.0012667179107666016,1.0
50,0.0012807846069335938,1.0
50,0.001094818115234375,1.0
50,0.0013234615325927734,1.0
50,0.0012195110321044922,1.0
50,0.0013439655303955078,1.0
50,0.0012078285217285156,1.0
50,0.0014255046844482422,1.0
50,0.0011897087097167969,1.0
50,0.001453399658203125,0.2
50,0.0013058185577392578,1.0
50,0.0010890960693359375,1.0
50,0.0013768672943115234,1.0
50,0.0013303756713867188,1.0
50,0.001753091812133789,1.0
50,0.00197601318359375,0.8
50,0.0010781288146972656,1.0
50,0.001107931137084961,1.0
50,0.0016829967498779297,1.0
50,0.0013172626495361328,1.0
50,0.0012993812561035156,1.0
50,0.0020132064819335938,1.0
50,0.001434326171875,0.0
50,0.0020673274993896484,0.4
50,0.0011088848114013672,1.0
50,0.0012712478637695312,1.0
50,0.0016002655029296875,1.0
50,0.0011031627655029297,1.0
50,0.0015959739685058594,1.0
50,0.0014088153839111328,1.0
50,0.0012145042419433594,1.0
50,0.0013973712921142578,1.0
50,0.0010716915130615234,0.4
50,0.0014128684997558594,1.0
50,0.0011518001556396484,1.0
50,0.0013811588287353516,1.0
50,0.0029861927032470703,1.0
50,0.001085519790649414,1.0
50,0.0012776851654052734,1.0
50,0.0013511180877685547,1.0
50,0.0014333724975585938,1.0
50,0.0014655590057373047,1.0
50,0.0014774799346923828,1.0
50,0.0015347003936767578,1.0
50,0.0011165142059326172,1.0
50,0.0014426708221435547,1.0
50,0.0011851787567138672,1.0
50,0.002783060073852539,1.0
50,0.003153562545776367,1.0
50,0.00164794921875,1.0
50,0.0016269683837890625,1.0
50,0.001562356948852539,0.8
50,0.001508951187133789,1.0
50,0.0016603469848632812,1.0
50,0.0016160011291503906,1.0
50,0.0012481212615966797,1.0
50,0.0012984275817871094,1.0
50,0.0017118453979492188,1.0
50,0.0019288063049316406,1.0
50,0.002117633819580078,1.0
50,0.0014123916625976562,1.0
50,0.0015485286712646484,1.0
50,0.0014963150024414062,1.0
50,0.0012590885162353516,1.0
50,0.0011944770812988281,1.0
50,0.0012345314025878906,1.0
50,0.0014977455139160156,0.8
50,0.0013055801391601562,1.0
50,0.001394510269165039,1.0
50,0.0014023780822753906,1.0
50,0.0023021697998046875,1.0
50,0.0014901161193847656,1.0
50,0.0014941692352294922,1.0
50,0.0012023448944091797,1.0
50,0.0012519359588623047,1.0
50,0.0011415481567382812,1.0
50,0.0011098384857177734,1.0
50,0.0014891624450683594,1.0
50,0.0016083717346191406,1.0
50,0.001379251480102539,1.0
50,0.001337289810180664,1.0
50,0.00127410888671875,1.0
100,0.0017805099487304688,1.0
100,0.002566099166870117,1.0
100,0.001598358154296875,1.0
100,0.002577543258666992,1.0
100,0.002050638198852539,1.0
100,0.0028324127197265625,1.0
100,0.001916646957397461,1.0
100,0.0022356510162353516,1.0
100,0.0020227432250976562,1.0
100,0.0027456283569335938,1.0
100,0.002283334732055664,1.0
100,0.002664327621459961,1.0
100,0.002191781997680664,1.0
100,0.0018720626831054688,1.0
100,0.00307464599609375,1.0
100,0.002809286117553711,1.0
100,0.001971721649169922,1.0
100,0.0020155906677246094,1.0
100,0.002223968505859375,1.0
100,0.001683950424194336,1.0
100,0.002095460891723633,1.0
100,0.0019245147705078125,1.0
100,0.0019335746765136719,1.0
100,0.002251863479614258,1.0
100,0.00266265869140625,0.6
100,0.002302408218383789,1.0
100,0.003615856170654297,1.0
100,0.0024309158325195312,1.0
100,0.0022940635681152344,1.0
100,0.002669811248779297,1.0
100,0.002390146255493164,1.0
100,0.0017554759979248047,1.0
100,0.0022902488708496094,1.0
100,0.0020303726196289062,0.6
100,0.002679586410522461,1.0
100,0.002228260040283203,1.0
100,0.0018436908721923828,1.0
100,0.0023016929626464844,1.0
100,0.0023207664489746094,1.0
100,0.002038717269897461,1.0
100,0.0017902851104736328,1.0
100,0.002222776412963867,1.0
100,0.0021848678588867188,1.0
100,0.0021588802337646484,1.0
100,0.0016453266143798828,1.0
100,0.0031549930572509766,1.0
100,0.0022296905517578125,1.0
100,0.0021386146545410156,1.0
100,0.0029654502868652344,1.0
100,0.0019669532775878906,1.0
100,0.001963376998901367,1.0
100,0.0019373893737792969,1.0
100,0.0018682479858398438,1.0
100,0.002369403839111328,1.0
100,0.002302408218383789,1.0
100,0.0029325485229492188,1.0
100,0.0020194053649902344,1.0
100,0.0022585391998291016,1.0
100,0.002981901168823242,1.0
100,0.0019168853759765625,1.0
100,0.0020592212677001953,1.0
100,0.0020291805267333984,1.0
100,0.002604246139526367,1.0
100,0.002236604690551758,1.0
100,0.0015404224395751953,1.0
100,0.0023088455200195312,1.0
100,0.002229928970336914,0.8
100,0.0039174556732177734,1.0
100,0.0023412704467773438,0.8
100,0.0022878646850585938,1.0
100,0.0017061233520507812,1.0
100,0.0021762847900390625,1.0
100,0.002024412155151367,1.0
100,0.002084970474243164,1.0
100,0.0018832683563232422,1.0
100,0.002035379409790039,1.0
100,0.0016326904296875,1.0
100,0.0022335052490234375,1.0
100,0.0023467540740966797,1.0
100,0.002271890640258789,1.0
100,0.0017638206481933594,1.0
100,0.0021123886108398438,1.0
100,0.0036106109619140625,1.0
100,0.0022497177124023438,1.0
100,0.0015687942504882812,1.0
100,0.001951456069946289,1.0
100,0.0021207332611083984,1.0
100,0.001950979232788086,1.0
100,0.0025959014892578125,1.0
100,0.0043904781341552734,1.0
100,0.003083467483520508,1.0
100,0.0027036666870117188,1.0
100,0.002029895782470703,1.0
100,0.00243377685546875,1.0
100,0.002289295196533203,1.0
100,0.0020585060119628906,1.0
100,0.0023491382598876953,1.0
100,0.0016782283782958984,1.0
100,0.0019872188568115234,1.0
100,0.0018944740295410156,1.0
100,0.0018463134765625,1.0
100,0.0021343231201171875,1.0
100,0.002079486846923828,1.0
100,0.0022025108337402344,1.0
100,0.0017728805541992188,1.0
100,0.0014617443084716797,1.0
100,0.0022630691528320312,1.0
100,0.002039670944213867,1.0
100,0.0017192363739013672,1.0
100,0.0021677017211914062,1.0
100,0.0025777816772460938,1.0
100,0.003003835678100586,1.0
100,0.002016305923461914,1.0
100,0.002515077590942383,1.0
100,0.0019333362579345703,1.0
100,0.0029044151306152344,1.0
100,0.0015952587127685547,1.0
100,0.0017125606536865234,1.0
100,0.001997709274291992,1.0
100,0.0019240379333496094,1.0
100,0.002428770065307617,1.0
100,0.0020804405212402344,1.0
100,0.0019044876098632812,1.0
100,0.003110647201538086,0.8
100,0.0035195350646972656,1.0
100,0.0035004615783691406,1.0
100,0.0020585060119628906,1.0
100,0.0021431446075439453,1.0
100,0.0020651817321777344,1.0
100,0.002660512924194336,1.0
100,0.0029976367950439453,1.0
100,0.0019502639770507812,1.0
100,0.0020666122436523438,1.0
100,0.0021712779998779297,1.0
100,0.0022149085998535156,0.2
100,0.0026404857635498047,0.4
100,0.0016717910766601562,1.0
100,0.0018444061279296875,1.0
100,0.002584695816040039,0.8
100,0.0022513866424560547,1.0
100,0.0016596317291259766,1.0
100,0.0018665790557861328,1.0
100,0.002248048782348633,1.0
100,0.0017695426940917969,1.0
100,0.0017511844635009766,1.0
100,0.0024149417877197266,1.0
100,0.0021462440490722656,1.0
100,0.0029764175415039062,1.0
100,0.0020689964294433594,1.0
100,0.0021479129791259766,1.0
100,0.002148866653442383,1.0
100,0.0022974014282226562,1.0
100,0.0017995834350585938,1.0
100,0.002241849899291992,1.0
100,0.0014336109161376953,1.0
100,0.0016932487487792969,1.0
100,0.0016796588897705078,1.0
100,0.002625703811645508,1.0
100,0.003391742706298828,1.0
100,0.0028352737426757812,1.0
100,0.0024344921112060547,1.0
100,0.0018875598907470703,1.0
100,0.0018200874328613281,1.0
100,0.0026819705963134766,1.0
100,0.002230405807495117,1.0
100,0.0023598670959472656,1.0
100,0.0016262531280517578,1.0
100,0.002274751663208008,1.0
100,0.001796722412109375,1.0
100,0.0027511119842529297,1.0
100,0.001630544662475586,1.0
100,0.0015859603881835938,1.0
100,0.0023276805877685547,0.8
100,0.0019428730010986328,1.0
100,0.0020318031311035156,1.0
100,0.0019130706787109375,1.0
100,0.0020525455474853516,1.0
100,0.0020940303802490234,1.0
100,0.0023500919342041016,1.0
100,0.0018515586853027344,1.0
100,0.002085447311401367,1.0
100,0.0019159317016601562,1.0
100,0.002064943313598633,1.0
100,0.002727985382080078,0.6
100,0.0021965503692626953,1.0
100,0.0024709701538085938,0.8
100,0.003046274185180664,1.0
100,0.0018968582153320312,1.0
100,0.0026535987854003906,1.0
100,0.0024611949920654297,1.0
100,0.00234222412109375,1.0
100,0.0018634796142578125,1.0
100,0.002276182174682617,1.0
100,0.0022606849670410156,0.8
100,0.0020170211791992188,1.0
100,0.0025637149810791016,1.0
100,0.0018062591552734375,1.0
100,0.0028030872344970703,1.0
100,0.001840353012084961,1.0
100,0.001832723617553711,1.0
100,0.002335071563720703,1.0
100,0.0020542144775390625,1.0
100,0.0017094612121582031,1.0
100,0.0026230812072753906,1.0
100,0.001589059829711914,1.0
100,0.0025403499603271484,1.0
100,0.0018734931945800781,1.0
100,0.0020999908447265625,1.0
100,0.0023093223571777344,1.0
100,0.0017523765563964844,1.0
100,0.001653909683227539,1.0
100,0.0019888877868652344,1.0
100,0.0022284984588623047,1.0
100,0.0019712448120117188,1.0
100,0.002663850784301758,1.0
100,0.0024285316467285156,1.0
100,0.0021572113037109375,1.0
100,0.0018873214721679688,1.0
100,0.0030145645141601562,1.0
100,0.0020427703857421875,1.0
100,0.0017142295837402344,1.0
100,0.0018048286437988281,1.0
100,0.002897977828979492,1.0
100,0.002423524856567383,0.8
100,0.0018618106842041016,1.0
100,0.0017242431640625,1.0
100,0.0021958351135253906,1.0
100,0.002721548080444336,1.0
100,0.0018262863159179688,1.0
100,0.002208232879638672,1.0
100,0.0025386810302734375,1.0
100,0.003351926803588867,1.0
100,0.003069162368774414,1.0
100,0.004353523254394531,1.0
100,0.0019228458404541016,1.0
100,0.002118349075317383,1.0
100,0.0017559528350830078,1.0
100,0.0015895366668701172,1.0
100,0.0020084381103515625,1.0
100,0.002127408981323242,1.0
100,0.0019674301147460938,0.8
100,0.002285003662109375,1.0
100,0.002165079116821289,1.0
100,0.002051830291748047,1.0
100,0.0016143321990966797,1.0
100,0.0016863346099853516,1.0
100,0.002481698989868164,1.0
100,0.00189971923828125,1.0
100,0.0029594898223876953,1.0
100,0.0016574859619140625,1.0
100,0.00246429443359375,1.0
100,0.0022330284118652344,1.0
100,0.002764463424682617,1.0
100,0.0016689300537109375,1.0
100,0.002396821975708008,1.0
100,0.002089262008666992,1.0
100,0.002356290817260742,1.0
100,0.0029125213623046875,1.0
100,0.0021636486053466797,1.0
100,0.0029649734497070312,1.0
100,0.0017824172973632812,1.0
100,0.001932382583618164,1.0
100,0.002055644989013672,1.0
100,0.001998424530029297,1.0
100,0.00264739990234375,1.0
100,0.001924276351928711,1.0
100,0.0025174617767333984,1.0
100,0.0017499923706054688,1.0
100,0.002183675765991211,1.0
100,0.0021877288818359375,1.0
100,0.001596689224243164,1.0
100,0.0025086402893066406,1.0
100,0.0020966529846191406,1.0
100,0.0020835399627685547,1.0
100,0.0016984939575195312,1.0
100,0.001901865005493164,1.0
100,0.002591848373413086,1.0
100,0.002382040023803711,1.0
100,0.0020999908447265625,1.0
100,0.0028963088989257812,1.0
100,0.0031261444091796875,1.0
100,0.0022373199462890625,1.0
100,0.0020084381103515625,1.0
100,0.0021445751190185547,1.0
100,0.0025942325592041016,1.0
100,0.0019512176513671875,1.0
100,0.002596139907836914,1.0
100,0.002686738967895508,1.0
100,0.002396821975708008,1.0
100,0.0015497207641601562,1.0
100,0.0015368461608886719,1.0
100,0.002119779586791992,1.0
100,0.0024254322052001953,1.0
100,0.0017850399017333984,1.0
100,0.002228975296020508,1.0
100,0.0024764537811279297,1.0
100,0.0017478466033935547,1.0
100,0.0015759468078613281,1.0
100,0.00287628173828125,1.0
100,0.0033838748931884766,0.8
100,0.0019199848175048828,1.0
100,0.0018529891967773438,1.0
100,0.004126787185668945,1.0
100,0.0015707015991210938,1.0
100,0.0016927719116210938,1.0
100,0.0015461444854736328,1.0
100,0.002805948257446289,1.0
100,0.0019757747650146484,1.0
100,0.0026314258575439453,1.0
100,0.002697467803955078,1.0
100,0.002705097198486328,1.0
100,0.0020699501037597656,1.0
100,0.0019252300262451172,1.0
100,0.0019807815551757812,1.0
100,0.0025894641876220703,1.0
100,0.0018055438995361328,1.0
100,0.0018661022186279297,1.0
100,0.0019996166229248047,1.0
100,0.0021419525146484375,1.0
100,0.0022983551025390625,1.0
100,0.0020360946655273438,1.0
100,0.0019137859344482422,1.0
100,0.0023636817932128906,1.0
100,0.0021276473999023438,1.0
100,0.0017671585083007812,1.0
100,0.002094268798828125,1.0
100,0.00167083740234375,1.0
100,0.0019412040710449219,1.0
100,0.0017840862274169922,1.0
100,0.0019297599792480469,1.0
100,0.0024213790893554688,0.0
100,0.0028467178344726562,1.0
100,0.002720355987548828,0.6
100,0.002323627471923828,1.0
100,0.0023055076599121094,1.0
100,0.002377748489379883,1.0
100,0.0023822784423828125,1.0
100,0.002264261245727539,1.0
100,0.002466440200805664,1.0
100,0.0016558170318603516,1.0
100,0.0027916431427001953,0.6
100,0.0023453235626220703,0.2
100,0.0020825862884521484,1.0
100,0.0019540786743164062,1.0
100,0.0023713111877441406,1.0
100,0.0028524398803710938,1.0
100,0.0022449493408203125,1.0
100,0.0025491714477539062,1.0
100,0.0019278526306152344,1.0
100,0.0020067691802978516,1.0
100,0.0032007694244384766,1.0
100,0.002289295196533203,1.0
100,0.0023679733276367188,1.0
100,0.0016505718231201172,1.0
100,0.0018978118896484375,1.0
100,0.002705097198486328,1.0
100,0.0027017593383789062,1.0
100,0.0019214153289794922,1.0
100,0.0019478797912597656,1.0
100,0.0024423599243164062,1.0
100,0.0023069381713867188,1.0
100,0.002272367477416992,1.0
100,0.0015263557434082031,1.0
100,0.002343893051147461,0.8
100,0.002604246139526367,1.0
100,0.0028150081634521484,1.0
100,0.0021102428436279297,1.0
100,0.001653909683227539,1.0
100,0.0017316341400146484,1.0
100,0.002147674560546875,1.0
100,0.0021071434020996094,1.0
100,0.0025162696838378906,1.0
100,0.0021834373474121094,1.0
100,0.0023670196533203125,1.0
100,0.0026540756225585938,1.0
100,0.001661062240600586,1.0
100,0.002107381820678711,1.0
100,0.002468109130859375,1.0
100,0.0021562576293945312,1.0
100,0.001970529556274414,1.0
100,0.0014879703521728516,1.0
100,0.0018663406372070312,1.0
100,0.0018761157989501953,1.0
100,0.0027763843536376953,1.0
100,0.0022003650665283203,1.0
100,0.0027120113372802734,1.0
100,0.0018694400787353516,1.0
100,0.0017347335815429688,1.0
100,0.0017075538635253906,1.0
100,0.0022993087768554688,1.0
100,0.0018489360809326172,1.0
100,0.0021855831146240234,1.0
100,0.002568483352661133,1.0
100,0.0019078254699707031,1.0
100,0.0017075538635253906,1.0
100,0.0022475719451904297,1.0
100,0.0019826889038085938,1.0
100,0.0033752918243408203,1.0
100,0.0023941993713378906,1.0
100,0.00176239013671875,1.0
100,0.0023431777954101562,1.0
100,0.002413034439086914,1.0
100,0.0017604827880859375,1.0
100,0.0024597644805908203,1.0
100,0.0019342899322509766,1.0
100,0.001992464065551758,1.0
100,0.002577543258666992,1.0
100,0.00228118896484375,1.0
100,0.001718282699584961,1.0
100,0.0017817020416259766,1.0
100,0.0025663375854492188,1.0
100,0.0016701221466064453,1.0
100,0.0017292499542236328,1.0
100,0.002712726593017578,0.8
100,0.002132892608642578,1.0
100,0.0020177364349365234,0.0
100,0.0023279190063476562,0.8
100,0.001928091049194336,1.0
100,0.0018651485443115234,1.0
100,0.002238035202026367,1.0
100,0.0015914440155029297,1.0
100,0.0018279552459716797,1.0
100,0.0018601417541503906,1.0
100,0.0020296573638916016,1.0
100,0.002070188522338867,1.0
100,0.002388477325439453,1.0
100,0.002017498016357422,1.0
100,0.0034809112548828125,1.0
100,0.0023512840270996094,1.0
100,0.0016071796417236328,1.0
100,0.001882791519165039,1.0
100,0.0022058486938476562,1.0
100,0.002730846405029297,1.0
100,0.002874135971069336,0.8
100,0.0016756057739257812,1.0
100,0.0016934871673583984,1.0
100,0.0025131702423095703,1.0
100,0.0021924972534179688,1.0
100,0.0018610954284667969,1.0
100,0.0028693675994873047,1.0
100,0.002468585968017578,0.0
100,0.003005504608154297,1.0
100,0.0018069744110107422,1.0
100,0.0018608570098876953,1.0
100,0.002159595489501953,1.0
100,0.0017349720001220703,1.0
100,0.0026404857635498047,1.0
100,0.002124786376953125,1.0
100,0.0018279552459716797,1.0
100,0.0021800994873046875,1.0
100,0.0024340152740478516,1.0
100,0.002416849136352539,1.0
100,0.0019304752349853516,1.0
100,0.002097606658935547,1.0
100,0.0038123130798339844,1.0
100,0.0018813610076904297,1.0
100,0.002023458480834961,1.0
100,0.002124786376953125,1.0
100,0.002040386199951172,1.0
100,0.002121448516845703,1.0
100,0.002135038375854492,1.0
100,0.0023534297943115234,1.0
100,0.0017769336700439453,1.0
100,0.002125263214111328,1.0
100,0.0020902156829833984,1.0
100,0.0027112960815429688,1.0
100,0.0025167465209960938,1.0
100,0.002788066864013672,1.0
100,0.0021762847900390625,1.0
100,0.0028629302978515625,0.8
100,0.0023109912872314453,1.0
100,0.002488374710083008,1.0
100,0.0027687549591064453,1.0
100,0.001943826675415039,1.0
100,0.0026166439056396484,1.0
100,0.002161741256713867,1.0
100,0.002683401107788086,1.0
100,0.002226114273071289,1.0
100,0.0018165111541748047,1.0
100,0.0021355152130126953,1.0
100,0.002099275588989258,1.0
100,0.0024471282958984375,1.0
100,0.002179861068725586,1.0
100,0.0019083023071289062,1.0
100,0.0022788047790527344,1.0
100,0.002088785171508789,1.0
100,0.002206087112426758,1.0
100,0.0021467208862304688,1.0
100,0.003283977508544922,1.0
100,0.002346038818359375,1.0
100,0.0023186206817626953,1.0
100,0.0021941661834716797,1.0
100,0.001728057861328125,1.0
100,0.0018322467803955078,1.0
100,0.0017573833465576172,1.0
100,0.0025849342346191406,1.0
100,0.002637147903442383,1.0
100,0.002031564712524414,1.0
100,0.0023119449615478516,1.0
100,0.0020999908447265625,1.0
